{"cameraMode":{"drawMode":0,"name":"Shaded","section":"Shading Mode"},"sceneLighting":true,"audioPlay":false,"sceneViewState":{"showFog":true,"showMaterialUpdate":false,"showSkybox":true,"showFlares":true,"showImageEffects":true,"showParticleSystems":true},"in2DMode":false,"pivot":{"x":-0.6938786506652832,"y":0.9381766319274902,"z":-0.4146738052368164},"rotation":{"x":0.2562367618083954,"y":-0.25352418422698977,"z":0.06984011083841324,"w":0.9301562309265137},"size":12.477502822875977,"orthographic":false}